{
"lengthUnit": "mil",
"components": {
	"fields": ["COMPONENT_NO", "COMPONENT_NAME", "LAYER", "X_COORDINATE", "Y_COORDINATE", "ANGLE"],
	"rows": [
		[1, "FH1", "T", 2315, -6770, 0],
		[2, "FH2", "T", 1105, -6760, 0],
		[3, "LED1", "T", 3055, -6860, 270],
		[4, "LED2", "T", 3355, -6860, 270],
		[5, "LED3", "T", 3655, -6860, 270],
		[6, "LED4", "T", 3950, -6860, 270],
		[7, "R1", "T", 3055, -6575, 270],
		[8, "R2", "T", 3355, -6575, 270],
		[9, "R3", "T", 3655, -6575, 270],
		[10, "R4", "T", 3950, -6575, 270],
		[11, "R5", "T", 4300, -6765, 270],
		[12, "R6", "T", 5270, -6045, 0],
		[13, "R7", "T", 2451.65, -6358.95, 0],
		[14, "R8", "T", 2238.99, -6358.95, 0],
		[15, "R9", "T", 2238.99, -6469.6, 0],
		[16, "R10", "T", 2451.65, -6469.6, 0],
		[17, "R11", "T", 2670, -6360, 0],
		[18, "R12", "T", 2671.98, -6468.95, 0],
		[19, "R13", "T", 2030, -6470, 0],
		[20, "R14", "T", 2035, -6360, 0],
		[21, "SW3", "T", 4800, -6500, 270],
		[22, "SW4", "T", 5275, -6330, 0],
		[23, "U3", "T", 4270, -6220, 0],
		[24, "U5", "T", 265, -4875, 0],
		[25, "U6", "T", 3095, -775, 0],
		[26, "U8", "T", 265, -4515, 0],
		[27, "U10", "T", 2865, -775, 0],
		[28, "U11", "T", 260, -5885, 0],
		[29, "U12", "T", 4720, -2570, 90],
		[30, "U13", "T", 787.4, -2559.06, 270],
		[31, "U15", "T", 260, -5540, 0],
		[32, "U21", "T", 1255, -195, 0],
		[33, "U22", "T", 1490, -200, 0],
		[34, "U31", "T", 1955, -865, 270],
		[35, "U32", "B", 3346.46, -3149.61, 180],
		[36, "U33", "T", 2640, -25, 0],
		[37, "U34", "T", 196.85, -3543.31, 270],
		[38, "U35", "T", 5314.96, -3543.31, 270]
	]
},
"pins": {
	"fields": ["PIN_NO", "PIN_NAME", "PIN_X", "PIN_Y", "LAYER", "PIN_TYPE", "NET_NAME", "NET_TYPE", "PAD_SHAPE", "PAD_SIZEX", "PAD_SIZEY", "HOLE_SIZE", "PAD_ANGLE"],
	"rows": [
		[1, "FH1_1", 1846.5, -6770, "T", "DIP", "$1N3314", "", "O", 43.31, 98.42, 78.74, 0],
		[2, "FH1_1", 1846.5, -6770, "B", "DIP", "$1N3314", "", "O", 43.31, 98.42, 78.74, 0],
		[3, "FH1_2", 2783.5, -6770, "T", "DIP", "$1N3333", "", "O", 43.31, 98.42, 78.74, 0],
		[4, "FH1_2", 2783.5, -6770, "B", "DIP", "$1N3333", "", "O", 43.31, 98.42, 78.74, 0],
		[5, "FH2_1", 636.5, -6760, "T", "DIP", "$1N6300", "", "O", 43.31, 98.42, 78.74, 0],
		[6, "FH2_1", 636.5, -6760, "B", "DIP", "$1N6300", "", "O", 43.31, 98.42, 78.74, 0],
		[7, "FH2_2", 1573.5, -6760, "T", "DIP", "$1N3306", "", "O", 43.31, 98.42, 78.74, 0],
		[8, "FH2_2", 1573.5, -6760, "B", "DIP", "$1N3306", "", "O", 43.31, 98.42, 78.74, 0],
		[9, "LED1_1", 3055, -6901.35, "T", "SMD", "$1N914", "", "R", 39.37, 55.1, 0, 90],
		[10, "LED1_2", 3055, -6818.65, "T", "SMD", "$1N11374", "", "R", 39.37, 55.1, 0, 90],
		[11, "LED2_1", 3355, -6901.35, "T", "SMD", "$1N11370", "", "R", 39.37, 55.1, 0, 90],
		[12, "LED2_2", 3355, -6818.65, "T", "SMD", "$1N11378", "", "R", 39.37, 55.1, 0, 90],
		[13, "LED3_1", 3655, -6901.35, "T", "SMD", "$1N992", "", "R", 39.37, 55.1, 0, 90],
		[14, "LED3_2", 3655, -6818.65, "T", "SMD", "$1N11384", "", "R", 39.37, 55.1, 0, 90],
		[15, "LED4_1", 3950, -6901.35, "T", "SMD", "$1N11260", "", "R", 39.37, 55.1, 0, 90],
		[16, "LED4_2", 3950, -6818.65, "T", "SMD", "$1N11388", "", "R", 39.37, 55.1, 0, 90],
		[17, "R1_1", 3055, -6557.96, "T", "SMD", "$1N914", "", "R", 22.27, 21.26, 0, 270],
		[18, "R1_2", 3055, -6592.04, "T", "SMD", "GND", "GND", "R", 22.27, 21.26, 0, 270],
		[19, "R2_1", 3355, -6557.96, "T", "SMD", "$1N11370", "", "R", 22.27, 21.26, 0, 270],
		[20, "R2_2", 3355, -6592.04, "T", "SMD", "GND", "GND", "R", 22.27, 21.26, 0, 270],
		[21, "R3_1", 3655, -6557.96, "T", "SMD", "$1N992", "", "R", 22.27, 21.26, 0, 270],
		[22, "R3_2", 3655, -6592.04, "T", "SMD", "GND", "GND", "R", 22.27, 21.26, 0, 270],
		[23, "R4_1", 3950, -6557.96, "T", "SMD", "$1N11260", "", "R", 22.27, 21.26, 0, 270],
		[24, "R4_2", 3950, -6592.04, "T", "SMD", "GND", "GND", "R", 22.27, 21.26, 0, 270],
		[25, "R5_1", 4100, -6665, "T", "DIP", "+5V", "", "C", 60, 60, 35.43, 270],
		[26, "R5_1", 4100, -6665, "B", "DIP", "+5V", "", "C", 60, 60, 35.43, 270],
		[27, "R5_2", 4500, -6764.99, "T", "DIP", "$1N11172", "", "C", 60, 60, 35.43, 270],
		[28, "R5_2", 4500, -6764.99, "B", "DIP", "$1N11172", "", "C", 60, 60, 35.43, 270],
		[29, "R5_3", 4100, -6865, "T", "DIP", "GND", "GND", "C", 60, 60, 35.43, 270],
		[30, "R5_3", 4100, -6865, "B", "DIP", "GND", "GND", "C", 60, 60, 35.43, 270],
		[31, "R6_1", 5211.78, -6045, "T", "SMD", "GND", "GND", "R", 47.54, 66.97, 0, 0],
		[32, "R6_2", 5328.22, -6045, "T", "SMD", "$1N11811", "", "R", 47.54, 66.97, 0, 0],
		[33, "R7_1", 2393.43, -6358.95, "T", "SMD", "+5V", "", "R", 47.54, 66.97, 0, 0],
		[34, "R7_2", 2509.87, -6358.95, "T", "SMD", "SDA", "", "R", 47.54, 66.97, 0, 0],
		[35, "R8_1", 2180.77, -6358.95, "T", "SMD", "+5V", "", "R", 47.54, 66.97, 0, 0],
		[36, "R8_2", 2297.21, -6358.95, "T", "SMD", "SCL", "", "R", 47.54, 66.97, 0, 0],
		[37, "R9_1", 2180.77, -6469.6, "T", "SMD", "+5V", "", "R", 47.54, 66.97, 0, 0],
		[38, "R9_2", 2297.21, -6469.6, "T", "SMD", "SCL", "", "R", 47.54, 66.97, 0, 0],
		[39, "R10_1", 2393.43, -6469.6, "T", "SMD", "+5V", "", "R", 47.54, 66.97, 0, 0],
		[40, "R10_2", 2509.87, -6469.6, "T", "SMD", "SDA", "", "R", 47.54, 66.97, 0, 0],
		[41, "R11_1", 2611.78, -6360, "T", "SMD", "+5V", "", "R", 47.54, 66.97, 0, 0],
		[42, "R11_2", 2728.22, -6360, "T", "SMD", "SCL", "", "R", 47.54, 66.97, 0, 0],
		[43, "R12_1", 2613.76, -6468.95, "T", "SMD", "+5V", "", "R", 47.54, 66.97, 0, 0],
		[44, "R12_2", 2730.2, -6468.95, "T", "SMD", "SDA", "", "R", 47.54, 66.97, 0, 0],
		[45, "R13_1", 1971.78, -6470, "T", "SMD", "+5V", "", "R", 47.54, 66.97, 0, 0],
		[46, "R13_2", 2088.22, -6470, "T", "SMD", "SCL", "", "R", 47.54, 66.97, 0, 0],
		[47, "R14_1", 1976.78, -6360, "T", "SMD", "+5V", "", "R", 47.54, 66.97, 0, 0],
		[48, "R14_2", 2093.22, -6360, "T", "SMD", "SDA", "", "R", 47.54, 66.97, 0, 0],
		[49, "SW3_1", 4668.11, -6145.67, "T", "DIP", "SW3_1", "", "O", 98.42, 51.18, 78.74, 270],
		[50, "SW3_1", 4668.11, -6145.67, "B", "DIP", "SW3_1", "", "O", 98.42, 51.18, 78.74, 270],
		[51, "SW3_2", 4668.11, -6322.84, "T", "DIP", "GND", "GND", "O", 98.42, 51.18, 78.74, 270],
		[52, "SW3_2", 4668.11, -6322.84, "B", "DIP", "GND", "GND", "O", 98.42, 51.18, 78.74, 270],
		[53, "SW3_3", 4668.11, -6500, "T", "DIP", "$1N11361", "", "O", 98.42, 51.18, 78.74, 270],
		[54, "SW3_3", 4668.11, -6500, "B", "DIP", "$1N11361", "", "O", 98.42, 51.18, 78.74, 270],
		[55, "SW3_4", 4668.11, -6677.16, "T", "DIP", "SW3_4", "", "O", 98.42, 51.18, 78.74, 270],
		[56, "SW3_4", 4668.11, -6677.16, "B", "DIP", "SW3_4", "", "O", 98.42, 51.18, 78.74, 270],
		[57, "SW3_5", 4668.11, -6854.33, "T", "DIP", "SW3_5", "", "O", 98.42, 51.18, 78.74, 270],
		[58, "SW3_5", 4668.11, -6854.33, "B", "DIP", "SW3_5", "", "O", 98.42, 51.18, 78.74, 270],
		[59, "SW3_6", 4931.89, -6145.67, "T", "DIP", "GND", "GND", "O", 98.42, 51.18, 78.74, 270],
		[60, "SW3_6", 4931.89, -6145.67, "B", "DIP", "GND", "GND", "O", 98.42, 51.18, 78.74, 270],
		[61, "SW3_7", 4931.89, -6322.84, "T", "DIP", "$1N11358", "", "O", 98.42, 51.18, 78.74, 270],
		[62, "SW3_7", 4931.89, -6322.84, "B", "DIP", "$1N11358", "", "O", 98.42, 51.18, 78.74, 270],
		[63, "SW3_8", 4931.89, -6500, "T", "DIP", "$1N11503", "", "O", 98.42, 51.18, 78.74, 270],
		[64, "SW3_8", 4931.89, -6500, "B", "DIP", "$1N11503", "", "O", 98.42, 51.18, 78.74, 270],
		[65, "SW3_9", 4931.89, -6677.16, "T", "DIP", "GND", "GND", "O", 98.42, 51.18, 78.74, 270],
		[66, "SW3_9", 4931.89, -6677.16, "B", "DIP", "GND", "GND", "O", 98.42, 51.18, 78.74, 270],
		[67, "SW3_10", 4931.89, -6854.33, "T", "DIP", "$1N11518", "", "O", 98.42, 51.18, 78.74, 270],
		[68, "SW3_10", 4931.89, -6854.33, "B", "DIP", "$1N11518", "", "O", 98.42, 51.18, 78.74, 270],
		[69, "SW4_1", 5430.5, -6418.6, "T", "SMD", "$1N11711", "", "R", 63, 55.1, 0, 0],
		[70, "SW4_2", 5119.5, -6418.6, "T", "SMD", "$1N11811", "", "R", 63, 55.1, 0, 0],
		[71, "SW4_3", 5430.5, -6241.4, "T", "SMD", "SW4_3", "", "R", 63, 55.1, 0, 0],
		[72, "SW4_4", 5119.5, -6241.4, "T", "SMD", "+5V", "", "R", 63, 55.1, 0, 0],
		[73, "U3_1", 4175.51, -6405.04, "T", "DIP", "+5V", "", "O", 62.99, 118.11, 94.49, 270],
		[74, "U3_1", 4175.51, -6405.04, "B", "DIP", "+5V", "", "O", 62.99, 118.11, 94.49, 270],
		[75, "U3_2", 4175.51, -6220, "T", "DIP", "$1N3333", "", "O", 62.99, 118.11, 94.49, 270],
		[76, "U3_2", 4175.51, -6220, "B", "DIP", "$1N3333", "", "O", 62.99, 118.11, 94.49, 270],
		[77, "U3_3", 4175.51, -6034.96, "T", "DIP", "U3_3", "", "O", 62.99, 118.11, 94.49, 270],
		[78, "U3_3", 4175.51, -6034.96, "B", "DIP", "U3_3", "", "O", 62.99, 118.11, 94.49, 270],
		[79, "U3_4", 4364.49, -6405.04, "T", "DIP", "$1N2561", "", "O", 62.99, 118.11, 94.49, 270],
		[80, "U3_4", 4364.49, -6405.04, "B", "DIP", "$1N2561", "", "O", 62.99, 118.11, 94.49, 270],
		[81, "U3_5", 4364.49, -6220, "T", "DIP", "$1N3306", "", "O", 62.99, 118.11, 94.49, 270],
		[82, "U3_5", 4364.49, -6220, "B", "DIP", "$1N3306", "", "O", 62.99, 118.11, 94.49, 270],
		[83, "U3_6", 4364.49, -6034.96, "T", "DIP", "U3_6", "", "O", 62.99, 118.11, 94.49, 270],
		[84, "U3_6", 4364.49, -6034.96, "B", "DIP", "U3_6", "", "O", 62.99, 118.11, 94.49, 270],
		[85, "U5_1", 315, -4825, "T", "DIP", "GND", "GND", "C", 60, 60, 36, 0],
		[86, "U5_1", 315, -4825, "B", "DIP", "GND", "GND", "C", 60, 60, 36, 0],
		[87, "U6_1", 3145, -725, "T", "DIP", "$1N2561", "", "C", 60, 60, 36, 0],
		[88, "U6_1", 3145, -725, "B", "DIP", "$1N2561", "", "C", 60, 60, 36, 0],
		[89, "U8_1", 315, -4465, "T", "DIP", "$1N3314", "", "C", 60, 60, 36, 0],
		[90, "U8_1", 315, -4465, "B", "DIP", "$1N3314", "", "C", 60, 60, 36, 0],
		[91, "U10_1", 2915, -725, "T", "DIP", "$1N3814", "", "C", 60, 60, 36, 0],
		[92, "U10_1", 2915, -725, "B", "DIP", "$1N3814", "", "C", 60, 60, 36, 0],
		[93, "U11_1", 310, -5835, "T", "DIP", "$1N3814", "", "C", 60, 60, 36, 0],
		[94, "U11_1", 310, -5835, "B", "DIP", "$1N3814", "", "C", 60, 60, 36, 0],
		[95, "U12_1", 4720, -2720, "T", "DIP", "+5V", "", "R", 70.87, 70.87, 39.4, 270],
		[96, "U12_1", 4720, -2720, "B", "DIP", "+5V", "", "R", 70.87, 70.87, 39.4, 270],
		[97, "U12_2", 4720, -2620, "T", "DIP", "$1N11234", "", "C", 70.87, 70.87, 39.4, 270],
		[98, "U12_2", 4720, -2620, "B", "DIP", "$1N11234", "", "C", 70.87, 70.87, 39.4, 270],
		[99, "U12_3", 4720, -2520, "T", "DIP", "$1N11245", "", "C", 70.87, 70.87, 39.4, 270],
		[100, "U12_3", 4720, -2520, "B", "DIP", "$1N11245", "", "C", 70.87, 70.87, 39.4, 270],
		[101, "U12_4", 4720, -2420, "T", "DIP", "GND", "GND", "C", 70.87, 70.87, 39.4, 270],
		[102, "U12_4", 4720, -2420, "B", "DIP", "GND", "GND", "C", 70.87, 70.87, 39.4, 270],
		[103, "U13_1", 787.4, -2409.06, "T", "DIP", "+5V", "", "R", 70.87, 70.87, 39.4, 90],
		[104, "U13_1", 787.4, -2409.06, "B", "DIP", "+5V", "", "R", 70.87, 70.87, 39.4, 90],
		[105, "U13_2", 787.4, -2509.06, "T", "DIP", "$1N11206", "", "C", 70.87, 70.87, 39.4, 90],
		[106, "U13_2", 787.4, -2509.06, "B", "DIP", "$1N11206", "", "C", 70.87, 70.87, 39.4, 90],
		[107, "U13_3", 787.4, -2609.06, "T", "DIP", "$1N11217", "", "C", 70.87, 70.87, 39.4, 90],
		[108, "U13_3", 787.4, -2609.06, "B", "DIP", "$1N11217", "", "C", 70.87, 70.87, 39.4, 90],
		[109, "U13_4", 787.4, -2709.06, "T", "DIP", "GND", "GND", "C", 70.87, 70.87, 39.4, 90],
		[110, "U13_4", 787.4, -2709.06, "B", "DIP", "GND", "GND", "C", 70.87, 70.87, 39.4, 90],
		[111, "U15_1", 310, -5490, "T", "DIP", "$1N6300", "", "C", 60, 60, 36, 0],
		[112, "U15_1", 310, -5490, "B", "DIP", "$1N6300", "", "C", 60, 60, 36, 0],
		[113, "U21_1", 1305, -145, "T", "DIP", "+5V", "", "C", 60, 60, 36, 0],
		[114, "U21_1", 1305, -145, "B", "DIP", "+5V", "", "C", 60, 60, 36, 0],
		[115, "U22_1", 1540, -150, "T", "DIP", "GND", "GND", "C", 60, 60, 36, 0],
		[116, "U22_1", 1540, -150, "B", "DIP", "GND", "GND", "C", 60, 60, 36, 0],
		[117, "U31_0", 3955, -2915, "T", "DIP", "U31_0", "", "C", 74, 74, 40, 0],
		[118, "U31_0", 3955, -2915, "B", "DIP", "U31_0", "", "C", 74, 74, 40, 0],
		[119, "U31_1", 3955, -2815, "T", "DIP", "U31_1", "", "C", 74, 74, 40, 0],
		[120, "U31_1", 3955, -2815, "B", "DIP", "U31_1", "", "C", 74, 74, 40, 0],
		[121, "U31_2", 3955, -2715, "T", "DIP", "$1N11358", "", "C", 74, 74, 40, 0],
		[122, "U31_2", 3955, -2715, "B", "DIP", "$1N11358", "", "C", 74, 74, 40, 0],
		[123, "U31_3", 3955, -2615, "T", "DIP", "$1N11361", "", "C", 74, 74, 40, 0],
		[124, "U31_3", 3955, -2615, "B", "DIP", "$1N11361", "", "C", 74, 74, 40, 0],
		[125, "U31_4", 3955, -2515, "T", "DIP", "$1N11503", "", "C", 74, 74, 40, 0],
		[126, "U31_4", 3955, -2515, "B", "DIP", "$1N11503", "", "C", 74, 74, 40, 0],
		[127, "U31_5", 3955, -2415, "T", "DIP", "$1N11518", "", "C", 74, 74, 40, 0],
		[128, "U31_5", 3955, -2415, "B", "DIP", "$1N11518", "", "C", 74, 74, 40, 0],
		[129, "U31_6", 3955, -2315, "T", "DIP", "$1N11711", "", "C", 74, 74, 40, 0],
		[130, "U31_6", 3955, -2315, "B", "DIP", "$1N11711", "", "C", 74, 74, 40, 0],
		[131, "U31_7", 3955, -2215, "T", "DIP", "U31_7", "", "C", 74, 74, 40, 0],
		[132, "U31_7", 3955, -2215, "B", "DIP", "U31_7", "", "C", 74, 74, 40, 0],
		[133, "U31_8", 3955, -2055, "T", "DIP", "U31_8", "", "C", 74, 74, 40, 0],
		[134, "U31_8", 3955, -2055, "B", "DIP", "U31_8", "", "C", 74, 74, 40, 0],
		[135, "U31_9", 3955, -1955, "T", "DIP", "U31_9", "", "C", 74, 74, 40, 0],
		[136, "U31_9", 3955, -1955, "B", "DIP", "U31_9", "", "C", 74, 74, 40, 0],
		[137, "U31_10", 3955, -1855, "T", "DIP", "U31_10", "", "C", 74, 74, 40, 0],
		[138, "U31_10", 3955, -1855, "B", "DIP", "U31_10", "", "C", 74, 74, 40, 0],
		[139, "U31_11", 3955, -1755, "T", "DIP", "U31_11", "", "C", 74, 74, 40, 0],
		[140, "U31_11", 3955, -1755, "B", "DIP", "U31_11", "", "C", 74, 74, 40, 0],
		[141, "U31_12", 3955, -1655, "T", "DIP", "U31_12", "", "C", 74, 74, 40, 0],
		[142, "U31_12", 3955, -1655, "B", "DIP", "U31_12", "", "C", 74, 74, 40, 0],
		[143, "U31_13", 3955, -1555, "T", "DIP", "U31_13", "", "C", 74, 74, 40, 0],
		[144, "U31_13", 3955, -1555, "B", "DIP", "U31_13", "", "C", 74, 74, 40, 0],
		[145, "U31_14", 3955, -3115, "T", "DIP", "U31_14", "", "C", 74, 74, 40, 0],
		[146, "U31_14", 3955, -3115, "B", "DIP", "U31_14", "", "C", 74, 74, 40, 0],
		[147, "U31_15", 3955, -3215, "T", "DIP", "U31_15", "", "C", 74, 74, 40, 0],
		[148, "U31_15", 3955, -3215, "B", "DIP", "U31_15", "", "C", 74, 74, 40, 0],
		[149, "U31_16", 3955, -3315, "T", "DIP", "U31_16", "", "C", 74, 74, 40, 0],
		[150, "U31_16", 3955, -3315, "B", "DIP", "U31_16", "", "C", 74, 74, 40, 0],
		[151, "U31_17", 3955, -3415, "T", "DIP", "U31_17", "", "C", 74, 74, 40, 0],
		[152, "U31_17", 3955, -3415, "B", "DIP", "U31_17", "", "C", 74, 74, 40, 0],
		[153, "U31_18", 3955, -3515, "T", "DIP", "U31_18", "", "C", 74, 74, 40, 0],
		[154, "U31_18", 3955, -3515, "B", "DIP", "U31_18", "", "C", 74, 74, 40, 0],
		[155, "U31_19", 3955, -3615, "T", "DIP", "U31_19", "", "C", 74, 74, 40, 0],
		[156, "U31_19", 3955, -3615, "B", "DIP", "U31_19", "", "C", 74, 74, 40, 0],
		[157, "U31_20", 3955, -3715, "T", "DIP", "SDA", "", "C", 74, 74, 40, 0],
		[158, "U31_20", 3955, -3715, "B", "DIP", "SDA", "", "C", 74, 74, 40, 0],
		[159, "U31_21", 3955, -3815, "T", "DIP", "SCL", "", "C", 74, 74, 40, 0],
		[160, "U31_21", 3955, -3815, "B", "DIP", "SCL", "", "C", 74, 74, 40, 0],
		[161, "U31_22", 3855, -4115, "T", "DIP", "$1N11374", "", "R", 74, 74, 40, 0],
		[162, "U31_22", 3855, -4115, "B", "DIP", "$1N11374", "", "R", 74, 74, 40, 0],
		[163, "U31_23", 3855, -4215, "T", "DIP", "$1N11378", "", "R", 74, 74, 40, 0],
		[164, "U31_23", 3855, -4215, "B", "DIP", "$1N11378", "", "R", 74, 74, 40, 0],
		[165, "U31_24", 3755, -4115, "T", "DIP", "$1N11384", "", "R", 74, 74, 40, 0],
		[166, "U31_24", 3755, -4115, "B", "DIP", "$1N11384", "", "R", 74, 74, 40, 0],
		[167, "U31_25", 3755, -4215, "T", "DIP", "$1N11388", "", "R", 74, 74, 40, 0],
		[168, "U31_25", 3755, -4215, "B", "DIP", "$1N11388", "", "R", 74, 74, 40, 0],
		[169, "U31_26", 3655, -4115, "T", "DIP", "I2C1", "", "R", 74, 74, 40, 0],
		[170, "U31_26", 3655, -4115, "B", "DIP", "I2C1", "", "R", 74, 74, 40, 0],
		[171, "U31_27", 3655, -4215, "T", "DIP", "I2C2", "", "R", 74, 74, 40, 0],
		[172, "U31_27", 3655, -4215, "B", "DIP", "I2C2", "", "R", 74, 74, 40, 0],
		[173, "U31_28", 3555, -4115, "T", "DIP", "I2C3", "", "R", 74, 74, 40, 0],
		[174, "U31_28", 3555, -4115, "B", "DIP", "I2C3", "", "R", 74, 74, 40, 0],
		[175, "U31_29", 3555, -4215, "T", "DIP", "U31_29", "", "R", 74, 74, 40, 0],
		[176, "U31_29", 3555, -4215, "B", "DIP", "U31_29", "", "R", 74, 74, 40, 0],
		[177, "U31_30", 3455, -4115, "T", "DIP", "U31_30", "", "R", 74, 74, 40, 0],
		[178, "U31_30", 3455, -4115, "B", "DIP", "U31_30", "", "R", 74, 74, 40, 0],
		[179, "U31_31", 3455, -4215, "T", "DIP", "U31_31", "", "R", 74, 74, 40, 0],
		[180, "U31_31", 3455, -4215, "B", "DIP", "U31_31", "", "R", 74, 74, 40, 0],
		[181, "U31_32", 3355, -4115, "T", "DIP", "U31_32", "", "R", 74, 74, 40, 0],
		[182, "U31_32", 3355, -4115, "B", "DIP", "U31_32", "", "R", 74, 74, 40, 0],
		[183, "U31_33", 3355, -4215, "T", "DIP", "U31_33", "", "R", 74, 74, 40, 0],
		[184, "U31_33", 3355, -4215, "B", "DIP", "U31_33", "", "R", 74, 74, 40, 0],
		[185, "U31_34", 3255, -4115, "T", "DIP", "U31_34", "", "R", 74, 74, 40, 0],
		[186, "U31_34", 3255, -4115, "B", "DIP", "U31_34", "", "R", 74, 74, 40, 0],
		[187, "U31_35", 3255, -4215, "T", "DIP", "U31_35", "", "R", 74, 74, 40, 0],
		[188, "U31_35", 3255, -4215, "B", "DIP", "U31_35", "", "R", 74, 74, 40, 0],
		[189, "U31_36", 3155, -4115, "T", "DIP", "U31_36", "", "R", 74, 74, 40, 0],
		[190, "U31_36", 3155, -4115, "B", "DIP", "U31_36", "", "R", 74, 74, 40, 0],
		[191, "U31_37", 3155, -4215, "T", "DIP", "U31_37", "", "R", 74, 74, 40, 0],
		[192, "U31_37", 3155, -4215, "B", "DIP", "U31_37", "", "R", 74, 74, 40, 0],
		[193, "U31_38", 3055, -4115, "T", "DIP", "U31_38", "", "R", 74, 74, 40, 0],
		[194, "U31_38", 3055, -4115, "B", "DIP", "U31_38", "", "R", 74, 74, 40, 0],
		[195, "U31_39", 3055, -4215, "T", "DIP", "U31_39", "", "R", 74, 74, 40, 0],
		[196, "U31_39", 3055, -4215, "B", "DIP", "U31_39", "", "R", 74, 74, 40, 0],
		[197, "U31_40", 2955, -4115, "T", "DIP", "U31_40", "", "R", 74, 74, 40, 0],
		[198, "U31_40", 2955, -4115, "B", "DIP", "U31_40", "", "R", 74, 74, 40, 0],
		[199, "U31_41", 2955, -4215, "T", "DIP", "U31_41", "", "R", 74, 74, 40, 0],
		[200, "U31_41", 2955, -4215, "B", "DIP", "U31_41", "", "R", 74, 74, 40, 0],
		[201, "U31_42", 2855, -4115, "T", "DIP", "U31_42", "", "R", 74, 74, 40, 0],
		[202, "U31_42", 2855, -4115, "B", "DIP", "U31_42", "", "R", 74, 74, 40, 0],
		[203, "U31_43", 2855, -4215, "T", "DIP", "U31_43", "", "R", 74, 74, 40, 0],
		[204, "U31_43", 2855, -4215, "B", "DIP", "U31_43", "", "R", 74, 74, 40, 0],
		[205, "U31_44", 2755, -4115, "T", "DIP", "U31_44", "", "R", 74, 74, 40, 0],
		[206, "U31_44", 2755, -4115, "B", "DIP", "U31_44", "", "R", 74, 74, 40, 0],
		[207, "U31_45", 2755, -4215, "T", "DIP", "U31_45", "", "R", 74, 74, 40, 0],
		[208, "U31_45", 2755, -4215, "B", "DIP", "U31_45", "", "R", 74, 74, 40, 0],
		[209, "U31_46", 2655, -4115, "T", "DIP", "U31_46", "", "R", 74, 74, 40, 0],
		[210, "U31_46", 2655, -4115, "B", "DIP", "U31_46", "", "R", 74, 74, 40, 0],
		[211, "U31_47", 2655, -4215, "T", "DIP", "U31_47", "", "R", 74, 74, 40, 0],
		[212, "U31_47", 2655, -4215, "B", "DIP", "U31_47", "", "R", 74, 74, 40, 0],
		[213, "U31_48", 2555, -4115, "T", "DIP", "U31_48", "", "R", 74, 74, 40, 0],
		[214, "U31_48", 2555, -4115, "B", "DIP", "U31_48", "", "R", 74, 74, 40, 0],
		[215, "U31_49", 2555, -4215, "T", "DIP", "U31_49", "", "R", 74, 74, 40, 0],
		[216, "U31_49", 2555, -4215, "B", "DIP", "U31_49", "", "R", 74, 74, 40, 0],
		[217, "U31_50", 2455, -4115, "T", "DIP", "U31_50", "", "R", 74, 74, 40, 0],
		[218, "U31_50", 2455, -4115, "B", "DIP", "U31_50", "", "R", 74, 74, 40, 0],
		[219, "U31_51", 2455, -4215, "T", "DIP", "U31_51", "", "R", 74, 74, 40, 0],
		[220, "U31_51", 2455, -4215, "B", "DIP", "U31_51", "", "R", 74, 74, 40, 0],
		[221, "U31_52", 2355, -4115, "T", "DIP", "U31_52", "", "R", 74, 74, 40, 0],
		[222, "U31_52", 2355, -4115, "B", "DIP", "U31_52", "", "R", 74, 74, 40, 0],
		[223, "U31_53", 2355, -4215, "T", "DIP", "U31_53", "", "R", 74, 74, 40, 0],
		[224, "U31_53", 2355, -4215, "B", "DIP", "U31_53", "", "R", 74, 74, 40, 0],
		[225, "U31_3.3V", 2055, -1815, "T", "DIP", "U31_3.3V", "", "C", 74, 74, 40, 0],
		[226, "U31_3.3V", 2055, -1815, "B", "DIP", "U31_3.3V", "", "C", 74, 74, 40, 0],
		[227, "U31_5V", 3955, -4115, "T", "DIP", "U31_5V", "", "C", 74, 74, 40, 0],
		[228, "U31_5V", 3955, -4115, "B", "DIP", "U31_5V", "", "C", 74, 74, 40, 0],
		[229, "U31_5V", 3955, -4215, "T", "DIP", "U31_A_5V", "", "C", 74, 74, 40, 0],
		[230, "U31_5V", 3955, -4215, "B", "DIP", "U31_A_5V", "", "C", 74, 74, 40, 0],
		[231, "U31_5V", 2055, -1915, "T", "DIP", "U31_B_5V", "", "C", 74, 74, 40, 0],
		[232, "U31_5V", 2055, -1915, "B", "DIP", "U31_B_5V", "", "C", 74, 74, 40, 0],
		[233, "U31_A0", 2055, -2415, "T", "DIP", "$1N11172", "", "C", 74, 74, 40, 0],
		[234, "U31_A0", 2055, -2415, "B", "DIP", "$1N11172", "", "C", 74, 74, 40, 0],
		[235, "U31_A1", 2055, -2515, "T", "DIP", "U31_A1", "", "C", 74, 74, 40, 0],
		[236, "U31_A1", 2055, -2515, "B", "DIP", "U31_A1", "", "C", 74, 74, 40, 0],
		[237, "U31_A10", 2055, -3515, "T", "DIP", "U31_A10", "", "C", 74, 74, 40, 0],
		[238, "U31_A10", 2055, -3515, "B", "DIP", "U31_A10", "", "C", 74, 74, 40, 0],
		[239, "U31_A11", 2055, -3615, "T", "DIP", "U31_A11", "", "C", 74, 74, 40, 0],
		[240, "U31_A11", 2055, -3615, "B", "DIP", "U31_A11", "", "C", 74, 74, 40, 0],
		[241, "U31_A12", 2055, -3715, "T", "DIP", "U31_A12", "", "C", 74, 74, 40, 0],
		[242, "U31_A12", 2055, -3715, "B", "DIP", "U31_A12", "", "C", 74, 74, 40, 0],
		[243, "U31_A13", 2055, -3815, "T", "DIP", "U31_A13", "", "C", 74, 74, 40, 0],
		[244, "U31_A13", 2055, -3815, "B", "DIP", "U31_A13", "", "C", 74, 74, 40, 0],
		[245, "U31_A14", 2055, -3915, "T", "DIP", "U31_A14", "", "C", 74, 74, 40, 0],
		[246, "U31_A14", 2055, -3915, "B", "DIP", "U31_A14", "", "C", 74, 74, 40, 0],
		[247, "U31_A15", 2055, -4015, "T", "DIP", "U31_A15", "", "C", 74, 74, 40, 0],
		[248, "U31_A15", 2055, -4015, "B", "DIP", "U31_A15", "", "C", 74, 74, 40, 0],
		[249, "U31_A2", 2055, -2615, "T", "DIP", "$1N11234", "", "C", 74, 74, 40, 0],
		[250, "U31_A2", 2055, -2615, "B", "DIP", "$1N11234", "", "C", 74, 74, 40, 0],
		[251, "U31_A3", 2055, -2715, "T", "DIP", "$1N11245", "", "C", 74, 74, 40, 0],
		[252, "U31_A3", 2055, -2715, "B", "DIP", "$1N11245", "", "C", 74, 74, 40, 0],
		[253, "U31_A4", 2055, -2815, "T", "DIP", "$1N11206", "", "C", 74, 74, 40, 0],
		[254, "U31_A4", 2055, -2815, "B", "DIP", "$1N11206", "", "C", 74, 74, 40, 0],
		[255, "U31_A5", 2055, -2915, "T", "DIP", "$1N11217", "", "C", 74, 74, 40, 0],
		[256, "U31_A5", 2055, -2915, "B", "DIP", "$1N11217", "", "C", 74, 74, 40, 0],
		[257, "U31_A6", 2055, -3015, "T", "DIP", "U31_A6", "", "C", 74, 74, 40, 0],
		[258, "U31_A6", 2055, -3015, "B", "DIP", "U31_A6", "", "C", 74, 74, 40, 0],
		[259, "U31_A7", 2055, -3115, "T", "DIP", "U31_A7", "", "C", 74, 74, 40, 0],
		[260, "U31_A7", 2055, -3115, "B", "DIP", "U31_A7", "", "C", 74, 74, 40, 0],
		[261, "U31_A8", 2055, -3315, "T", "DIP", "U31_A8", "", "C", 74, 74, 40, 0],
		[262, "U31_A8", 2055, -3315, "B", "DIP", "U31_A8", "", "C", 74, 74, 40, 0],
		[263, "U31_A9", 2055, -3415, "T", "DIP", "U31_A9", "", "C", 74, 74, 40, 0],
		[264, "U31_A9", 2055, -3415, "B", "DIP", "U31_A9", "", "C", 74, 74, 40, 0],
		[265, "U31_AREF", 3955, -1355, "T", "DIP", "U31_AREF", "", "C", 74, 74, 40, 0],
		[266, "U31_AREF", 3955, -1355, "B", "DIP", "U31_AREF", "", "C", 74, 74, 40, 0],
		[267, "U31_GND", 2255, -4115, "T", "DIP", "U31_GND", "", "C", 74, 74, 40, 0],
		[268, "U31_GND", 2255, -4115, "B", "DIP", "U31_GND", "", "C", 74, 74, 40, 0],
		[269, "U31_GND", 2255, -4215, "T", "DIP", "U31_A_GND", "", "C", 74, 74, 40, 0],
		[270, "U31_GND", 2255, -4215, "B", "DIP", "U31_A_GND", "", "C", 74, 74, 40, 0],
		[271, "U31_GND", 2055, -2015, "T", "DIP", "U31_B_GND", "", "C", 74, 74, 40, 0],
		[272, "U31_GND", 2055, -2015, "B", "DIP", "U31_B_GND", "", "C", 74, 74, 40, 0],
		[273, "U31_GND", 2055, -2115, "T", "DIP", "U31_C_GND", "", "C", 74, 74, 40, 0],
		[274, "U31_GND", 2055, -2115, "B", "DIP", "U31_C_GND", "", "C", 74, 74, 40, 0],
		[275, "U31_GND@4", 3955, -1455, "T", "DIP", "U31_GND@4", "", "C", 74, 74, 40, 0],
		[276, "U31_GND@4", 3955, -1455, "B", "DIP", "U31_GND@4", "", "C", 74, 74, 40, 0],
		[277, "U31_RESET", 2055, -1715, "T", "DIP", "U31_RESET", "", "C", 74, 74, 40, 0],
		[278, "U31_RESET", 2055, -1715, "B", "DIP", "U31_RESET", "", "C", 74, 74, 40, 0],
		[279, "U31_VIN", 2055, -2215, "T", "DIP", "U31_VIN", "", "C", 74, 74, 40, 0],
		[280, "U31_VIN", 2055, -2215, "B", "DIP", "U31_VIN", "", "C", 74, 74, 40, 0],
		[281, "U32_1", 2596.46, -3199.61, "T", "DIP", "+5V", "", "C", 60, 60, 36, 180],
		[282, "U32_1", 2596.46, -3199.61, "B", "DIP", "+5V", "", "C", 60, 60, 36, 180],
		[283, "U32_2", 2696.46, -3199.61, "T", "DIP", "GND", "GND", "C", 60, 60, 36, 180],
		[284, "U32_2", 2696.46, -3199.61, "B", "DIP", "GND", "GND", "C", 60, 60, 36, 180],
		[285, "U32_3", 2796.46, -3199.61, "T", "DIP", "SCL", "", "C", 60, 60, 36, 180],
		[286, "U32_3", 2796.46, -3199.61, "B", "DIP", "SCL", "", "C", 60, 60, 36, 180],
		[287, "U32_4", 2896.46, -3199.61, "T", "DIP", "SDA", "", "C", 60, 60, 36, 180],
		[288, "U32_4", 2896.46, -3199.61, "B", "DIP", "SDA", "", "C", 60, 60, 36, 180],
		[289, "U32_5", 2996.46, -3199.61, "T", "DIP", "U32_5", "", "C", 60, 60, 36, 180],
		[290, "U32_5", 2996.46, -3199.61, "B", "DIP", "U32_5", "", "C", 60, 60, 36, 180],
		[291, "U32_6", 3096.46, -3199.61, "T", "DIP", "U32_6", "", "C", 60, 60, 36, 180],
		[292, "U32_6", 3096.46, -3199.61, "B", "DIP", "U32_6", "", "C", 60, 60, 36, 180],
		[293, "U32_7", 3196.46, -3199.61, "T", "DIP", "GND", "GND", "C", 60, 60, 36, 180],
		[294, "U32_7", 3196.46, -3199.61, "B", "DIP", "GND", "GND", "C", 60, 60, 36, 180],
		[295, "U32_8", 3296.46, -3199.61, "T", "DIP", "U32_8", "", "C", 60, 60, 36, 180],
		[296, "U32_8", 3296.46, -3199.61, "B", "DIP", "U32_8", "", "C", 60, 60, 36, 180],
		[297, "U33_1", 2690, -75, "T", "DIP", "+5V", "", "C", 60, 60, 36, 0],
		[298, "U33_1", 2690, -75, "B", "DIP", "+5V", "", "C", 60, 60, 36, 0],
		[299, "U33_2", 2790, -75, "T", "DIP", "GND", "GND", "C", 60, 60, 36, 0],
		[300, "U33_2", 2790, -75, "B", "DIP", "GND", "GND", "C", 60, 60, 36, 0],
		[301, "U33_3", 2890, -75, "T", "DIP", "SCL", "", "C", 60, 60, 36, 0],
		[302, "U33_3", 2890, -75, "B", "DIP", "SCL", "", "C", 60, 60, 36, 0],
		[303, "U33_4", 2990, -75, "T", "DIP", "SDA", "", "C", 60, 60, 36, 0],
		[304, "U33_4", 2990, -75, "B", "DIP", "SDA", "", "C", 60, 60, 36, 0],
		[305, "U33_5", 3090, -75, "T", "DIP", "U33_5", "", "C", 60, 60, 36, 0],
		[306, "U33_5", 3090, -75, "B", "DIP", "U33_5", "", "C", 60, 60, 36, 0],
		[307, "U33_6", 3190, -75, "T", "DIP", "I2C1", "", "C", 60, 60, 36, 0],
		[308, "U33_6", 3190, -75, "B", "DIP", "I2C1", "", "C", 60, 60, 36, 0],
		[309, "U34_1", 146.85, -3593.31, "T", "DIP", "+5V", "", "C", 60, 60, 36, 270],
		[310, "U34_1", 146.85, -3593.31, "B", "DIP", "+5V", "", "C", 60, 60, 36, 270],
		[311, "U34_2", 146.85, -3693.31, "T", "DIP", "GND", "GND", "C", 60, 60, 36, 270],
		[312, "U34_2", 146.85, -3693.31, "B", "DIP", "GND", "GND", "C", 60, 60, 36, 270],
		[313, "U34_3", 146.85, -3793.31, "T", "DIP", "SCL", "", "C", 60, 60, 36, 270],
		[314, "U34_3", 146.85, -3793.31, "B", "DIP", "SCL", "", "C", 60, 60, 36, 270],
		[315, "U34_4", 146.85, -3893.31, "T", "DIP", "SDA", "", "C", 60, 60, 36, 270],
		[316, "U34_4", 146.85, -3893.31, "B", "DIP", "SDA", "", "C", 60, 60, 36, 270],
		[317, "U34_5", 146.85, -3993.31, "T", "DIP", "U34_5", "", "C", 60, 60, 36, 270],
		[318, "U34_5", 146.85, -3993.31, "B", "DIP", "U34_5", "", "C", 60, 60, 36, 270],
		[319, "U34_6", 146.85, -4093.31, "T", "DIP", "I2C3", "", "C", 60, 60, 36, 270],
		[320, "U34_6", 146.85, -4093.31, "B", "DIP", "I2C3", "", "C", 60, 60, 36, 270],
		[321, "U35_1", 5264.96, -3593.31, "T", "DIP", "+5V", "", "C", 60, 60, 36, 270],
		[322, "U35_1", 5264.96, -3593.31, "B", "DIP", "+5V", "", "C", 60, 60, 36, 270],
		[323, "U35_2", 5264.96, -3693.31, "T", "DIP", "GND", "GND", "C", 60, 60, 36, 270],
		[324, "U35_2", 5264.96, -3693.31, "B", "DIP", "GND", "GND", "C", 60, 60, 36, 270],
		[325, "U35_3", 5264.96, -3793.31, "T", "DIP", "SCL", "", "C", 60, 60, 36, 270],
		[326, "U35_3", 5264.96, -3793.31, "B", "DIP", "SCL", "", "C", 60, 60, 36, 270],
		[327, "U35_4", 5264.96, -3893.31, "T", "DIP", "SDA", "", "C", 60, 60, 36, 270],
		[328, "U35_4", 5264.96, -3893.31, "B", "DIP", "SDA", "", "C", 60, 60, 36, 270],
		[329, "U35_5", 5264.96, -3993.31, "T", "DIP", "U35_5", "", "C", 60, 60, 36, 270],
		[330, "U35_5", 5264.96, -3993.31, "B", "DIP", "U35_5", "", "C", 60, 60, 36, 270],
		[331, "U35_6", 5264.96, -4093.31, "T", "DIP", "I2C2", "", "C", 60, 60, 36, 270],
		[332, "U35_6", 5264.96, -4093.31, "B", "DIP", "I2C2", "", "C", 60, 60, 36, 270]
	]
}
}